id,name,gender,birthday,address,contact_num
3,Sano Yuto,M,1995-06-27,670 Grape Street OC,63919747111
5,Yan YunxiYan Yunxi,M,1981-04-06,925 Earle Rd,63929414143
6,Jesus Harrison,M,1989-01-14,"679 49/50 Strand, Charing Cross",63938495435
7,Debra Romero,F,1984-10-13,"1-7-19 Omido, Higashiosaka",63919197663
8,Saito Momoka,F,1998-03-25,"1-6-16, Marunouchi, Chiyoda-ku",63972156904
9,Chris Freeman,M,1985-01-06,"250 Huaxia St, Jinghua Shangquan",63972699755
10,Yau Wai Man,F,1993-04-04,"206 Xiaoping E Rd, Baiyun ",63972389235
11,Sato Sakura,F,1993-02-20,"573 Tangyuan Street 5th Alley, Airport Road, Baiyun",63929718505
12,Chow Ka Ling,F,1986-08-25,966 Cannon Street,63919107156
13,Ng Ka Man,M,1977-08-08,"479 Elms Rd, Botley",63938146027
14,Imai Seiko,F,1977-02-06,"13-3-17 Toyohira 3 Jo, Toyohira Ward",63929546137
15,Fang Jialun,M,1993-05-22,"2-1-20 Kaminopporo 1 Jo, Atsubetsu Ward",63929569076
16,Chic Ting Fung,M,1990-07-09,"1-5-16, Higashi-Shimbashi, Minato-ku",63938709439
17,Takahashi Riku,M,1994-06-22,"1 3-803 Kusunokiajima, Kita Ward",63938625791
18,Rebecca Adams,F,1992-12-09,898 Pedway,63938908330
19,Long Zhiyuan,M,1987-12-07,"880 Cyril St, Braunstone Town",63972516393
20,Martha Simmons,F,1994-05-04,"128 Sanlitun Road, Chaoyang District",63919709953
21,Chiba Mai,F,1978-04-13,"1-7-14 Omido, Higashiosaka",63929907585
22,Mok Chun Yu,M,1995-04-23,943 Diplomacy Drive,63972899771
23,Miyamoto Misaki,F,2000-12-01,407 Lower Temple Street,63929066087
24,Kwok Siu Wai,F,1980-11-14,"199 Jianxiang Rd, Pudong",63929750848
25,Virginia Anderson,F,1995-10-19,"722 Dong Zhi Men, Dongcheng District",63972052565
26,Takeda Minato,M,1996-05-01,"4-9-16 Kamihigashi, Hirano Ward",63938956797
27,Fong Ming Sze,F,1999-01-11,267 Bank Street,63938862746
28,Yeung Fu Shing,M,2000-01-30,274 Alameda Street,63972721833
29,Ma Shihan,F,1983-11-17,7 Regent Street,63938212218
30,Sandra Wagner,F,1988-06-08,231 Kengmei 15th Alley,63938258905
31,Ishida Seiko,F,1989-02-27,"5-4-10 Kikusui 3 Jo, Shiroishi Ward,",63919875579
32,Sato Daisuke,M,1991-11-25,115 Wyngate Dr,63929337754
33,Hashimoto Riku,M,1983-04-13,563 Lark Street,63972171186
34,Ota Takuya,M,1994-10-13,660 East Alley,63972196988
35,Dong Xiuying,F,1990-05-17,700 Kengmei 15th Alley,63972340521
36,Suzuki Akina,F,1983-10-31,344 Ridgewood Road,63919242363
37,Ng Siu Wai,F,1989-02-02,"520 Middle Huaihai Road, Huangpu District",63972777717
38,Liao Sai Wing,M,1987-01-13,459 Pollen Street,63972529968
39,Fung Fat,M,1979-02-04,"523 Whitehouse Lane, Huntingdon Rd",63938531356
40,Matsui Yuto,M,1995-06-08,166 Portland St,63919002505
41,Thomas Jordan,M,1978-10-07,"394 4th Section  Renmin South Road, Jinjiang District",63938045850
42,Lok Ka Keung,M,1980-07-03,992 State Street,63919409495
43,Tammy Ward,F,1982-06-04,157 Columbia St,63938150787
44,Choi Hui Mei,F,1979-06-10,946 Sky Way,63938477560
45,Jesse Cooper,M,1981-05-17,50 New Wakefield St,63938264227
46,Jiang Ziyi,M,1984-06-27,"1-7-20 Omido, Higashiosaka",63938497231
47,Shen Yunxi,M,1981-02-09,606 Sky Way,63919870429
48,Ellen Cook,F,2000-05-02,"5-2-4 Kikusui 3 Jo, Shiroishi Ward",63938866638
49,Roger Sanders,M,1980-05-28,"914 Elms Rd, Botley",63929591458
50,Murakami Seiko,F,1995-09-10,"44 Hongqiao Rd., Xu Hui District",63938986438
51,Yung Wing Suen,F,1996-12-12,595 Earle Rd,63929438265
52,Miura Kasumi,M,1994-05-13,719 State Street,63929501875
53,Cui Jialun,M,1980-09-01,532 Dongtai 5th St,63938046562
54,Nakamori Kazuma,M,1976-06-24,940 West Market Street,63938712270
55,Murakami Ryota,M,1979-09-29,"13-3-8 Toyohira 3 Jo, Toyohira Ward",63919582238
56,Hsuan Lik Sun,M,1980-08-27,452 East Alley,63929197687
57,Carlos Coleman,M,1976-03-26,871 Wyngate Dr,63972990594
58,Ruby Gray,F,1978-04-23,1-7-1 Saidaiji Akodacho,63972359255
59,Wendy Turner,F,1989-12-28,"11 4-20 Kawagishicho, Mizuho Ward",63972629408
60,Yung Sze Yu,F,1998-08-20,"786 Silver St, Newnham",63929308412
61,Carolyn Diaz,F,1984-07-03,"633 Lodge Ln, Toxteth",63938668525
62,Kojima Sakura,F,1998-06-27,"253 Binchuan Rd, Minhang District",63919405170
63,Tang Wai Man,F,1999-10-09,818 Osney Mead,63972809659
64,Mo Shihan,F,1993-10-06,"5-2-19 Higashi Gotanda, Shinagawa-ku ",63929988347
65,Choi Sze Kwan,F,1993-10-27,780 Wall Street,63929234815
66,Otsuka Kenta,M,1991-07-29,"2-3-10 Yoyogi, Shibuya-ku",63929355957
67,Ng Ling Ling,F,1990-12-23,"1-1-7 Deshiro, Nishinari Ward",63972739745
68,Kudo Yuto,M,1996-08-08,761 Portland St,63919595969
69,Kojima Akina,F,1991-10-14,"5-2-20 Higashi Gotanda, Shinagawa-ku ",63972775426
70,Patricia Watson,F,1988-07-20,724 Lower Temple Street,63972968640
71,Ding Shihan,F,1976-04-16,721 Tremont Road,63972637912
72,William Lopez,M,1997-01-06,674 East Cooke Road,63929765478
73,Uchida Miu,F,1983-06-04,221 Fifth Avenue,63919813805
74,Ishida Kenta,M,1984-03-02,386 State Street,63938055501
75,Wong Kwok Ming,M,1993-01-11,432 Osney Mead,63919155753
76,Yu Lu,F,1989-12-10,"2-3-20 Yoyogi, Shibuya-ku",63938326451
77,Tao Wing Sze,F,1986-10-22,"3-19-11 Shimizu, Kita Ward",63929785593
78,Yao Lan,F,1986-05-02,371 West Houston Street,63919293118
79,Goto Nanami,M,1997-12-22,"5-2-11 Higashi Gotanda, Shinagawa-ku ",63929207123
80,Kong Wai Man,F,1993-07-01,295 Stephenson Street,63919610649
81,Tao Chi Ming,M,1995-06-29,"341 3rd Section Hongxing Road, Jinjiang District",63929455368
82,Beverly Gonzales,F,1977-05-11,"449 Jianxiang Rd, Pudong",63938702252
83,Lei Lan,F,1995-07-26,"743 028 County Rd, Yanqing District",63972248786
84,Saito Eita,F,1989-10-16,672 Canal Street,63929094129
85,Gladys Rivera,F,1998-05-11,502 Pedway,63938584214
86,Chin Cho Yee,F,1988-06-10,"13-3-8 Toyohira 3 Jo, Toyohira Ward",63919692045
87,Lam Ka Fai,M,2000-03-21,884 Osney Mead,63938105806
88,Nishimura Aoshi,M,1988-02-16,962 Alameda Street,63938953163
89,Mark Olson,M,1999-11-17,"5-2-14 Kikusui 3 Jo, Shiroishi Ward",63919998839
90,Nakamura Airi,F,1998-11-29,899 North Michigan Ave,63919519678
91,Ota Tsubasa,M,1981-02-24,487 Regent Street,63972135439
92,Fujita Ayano,F,1997-11-17,"533 Qingshuihe 1st Rd, Luohu District",63929030983
93,Tang Zhiyuan,M,1977-11-27,"No.751, Dongsan Road, Erxianqiao, Chenghua District",63972525651
94,Lok Suk Yee,F,1997-04-19,681 Shanhu Rd,63972553258
95,Leung Wai Han,F,1996-05-24,"16 1-1715 Sekohigashi, Moriyama Ward",63919332419
96,Pan Yunxi,M,1996-06-11,"5-19-4 Shinei 4 Jo, Kiyota Ward",63919364808
97,Cheng Wing Fat,M,1985-05-14,"6-1-3, Miyanomori 4 Jo, Chuo Ward",63972637714
98,Sato Hazuki,F,1983-11-06,448 1st Ave,63972597570
99,Ding Zhennan,M,1999-10-15,"5-2-5 Kikusui 3 Jo, Shiroishi Ward",63919132147
100,Jiang Yuning,M,1989-03-15,262 S Broadway,63919972619
101,Glenn Gonzalez,M,1984-04-05,191 East Cooke Road,63938209414
102,Au Wing Suen,F,1994-04-13,870 Stephenson Street,63938884808
103,Ueda Aoshi,M,1981-08-10,"3-9-2 Gakuenminami, Star Rita, Olongapo City",63929644672
104,Jamie Palmer,F,1979-12-03,3-9-14 Gakuenminami,63929130775
105,Tang Yuning,M,1981-09-25,384 Spring Gardens,63919737999
106,So Chi Yuen,M,1978-09-09,"9 4-20 Kawagishicho, Mizuho Ward",63929504119
107,Xu Xiuying,F,1979-03-06,"239 Xiaoping E Rd, Baiyun ",63972320656
108,Joanne Burns,F,1985-03-17,3-9-14 Gakuenminami,63929888860
109,Teresa Reed,F,1998-01-25,"272 Hongqiao Rd., Xu Hui District",63929333653
110,Tin Ka Ming,M,1987-08-10,"748 Sanlitun Road, Chaoyang District",63919935766
111,Tang Yuning,M,1994-03-03,"797 Yueliu Rd, Fangshan District",63972435414
112,Clarence Roberts,M,1981-09-27,879 Lark Street,63938357990
113,Chung Sze Yu,F,1990-06-16,"757 68 Qinghe Middle St, Haidian District",63938905529
114,Don Webb,M,1996-09-16,"2-1-1 Tenjinnomori, Nishinari Ward",63929381047
115,Elaine Stone,F,1988-01-18,"No.38, Dongsan Road, Erxianqiao, Chenghua District",63972457901
116,Xiong Jiehong,M,1976-06-07,"338 Silver St, Newnham",63929563274
117,Meng Wing Sze,F,1988-08-10,"75 Yueliu Rd, Fangshan District",63929140340
118,Jamie Ford,F,1990-02-15,842 Fifth Avenue,63929646295
119,Yuen Tak Wah,M,1980-11-01,53 Nostrand Ave,63919529063
120,Matsui Yuito,M,1996-03-23,"3-15-19 Ginza, Chuo-ku",63929080624
121,Nomura Rin,F,1982-12-23,519 Stephenson Street,63929773581
122,Nakayama Tsubasa,M,1994-08-15,300 Spring Gardens,63919523644
123,Valerie Meyer,F,1997-03-16,950 Mosley St,63972889865
124,Bradley Stevens,M,1994-05-27,692 West Houston Street,63938048478
125,Marvin Mitchell,M,1989-03-25,"673 Qingshuihe 1st Rd, Luohu District",63919427789
126,Nakamori Mio,F,1976-06-18,"20 4-20 Kawagishicho, Mizuho Ward",63929965397
127,Mildred Guzman,F,1994-11-29,439 Canal Street,63938201193
128,Elaine Soto,F,1991-11-14,"28 Elms Rd, Botley",63938711598
129,Wayne Rodriguez,M,1988-12-18,91 Spring Gardens,63929482383
130,Zhong Lan,F,1989-12-15,"986 Jingtian East 1st St, Futian District",63938693029
131,Ueda Hazuki,F,1976-09-18,"597 W Ring Rd, Buji Town, Longgang",63972186881
132,Loui Sze Yu,F,1998-05-09,938 Wall Street,63972705856
133,Yung Ka Ling,F,1985-06-16,130 Sackville St,63929754193
134,Ueno Yuto,M,1978-07-19,567 Fern Street,63972065318
135,Sakai Takuya,M,1984-04-20,"1-5-20, Higashi-Shimbashi, Minato-ku",63972078295
136,Qin Anqi,F,1999-03-07,460 Nostrand Ave,63929786801
137,Tang Cho Yee,F,1995-07-04,"915 Middle Huaihai Road, Huangpu District",63972671189
138,Kam Wai Han,F,1999-04-01,332 Osney Mead,63938658715
139,Zhu Yunxi,M,1999-04-26,263 Stephenson Street,63929217972
140,Chang Lan,F,1987-05-01,"609 Tianhe Road, Tianhe District",63929882864
141,Han Yunxi,M,1986-10-25,"609 FuXingMenNei Street, XiCheng District",63972579374
142,Chiba Tsubasa,M,1990-08-07,758 Hinckley Rd,63929212687
143,Tracy Kelley,F,1978-12-02,803 Park End St,63972416280
144,Mok Suk Yee,F,1992-04-19,"566 Papworth Rd, Trumpington",63919137808
145,Travis Robinson,M,1985-02-04,4 Park End St,63938263448
146,Cui Shihan,F,1990-01-06,866 Cannon Street,63972248615
147,Catherine Williams,F,1981-07-22,"189 Silver St, Newnham",63972283443
148,Connie Bailey,F,1979-08-13,"211 Xue Yuan Yi Xiang, Longgang",63929900408
149,Yu Shihan,F,1979-01-28,"5-4-8 Kikusui 3 Jo, Shiroishi Ward,",63938554310
150,Yamashita Ikki,M,1988-03-25,"154 Shennan E Rd, Cai Wu Wei, Luohu District",63919519924
151,Sano Ayato,M,1995-02-17,"5-2-17 Kikusui 3 Jo, Shiroishi Ward",63972302391
152,Long Xiaoming,M,1989-07-06,"321 Ganlan Rd, Pudong",63929998377
153,Anne Reed,F,1995-03-18,"21 028 County Rd, Yanqing District",63938104070
154,Shimada Yamato,M,1993-07-26,"409 Yueliu Rd, Fangshan District",63972342163
155,Cheng Fat,M,1984-12-19,"1-5-14, Higashi-Shimbashi, Minato-ku",63919814613
156,Hu Yuning,M,1998-05-15,"No.965, Dongsan Road, Erxianqiao, Chenghua District",63919619087
157,Yuen Tak Wah,M,1986-04-08,133 S Broadway,63929541518
158,Xu Zitao,M,1978-10-18,273 Bank Street,63919587325
159,Thelma Sullivan,F,1986-10-15,642 Lark Street,63938997775
160,Fung Tin Lok,M,1996-07-21,"128 Jianxiang Rd, Pudong",63919285708
161,Marjorie White,F,1992-03-10,630 Portland St,63929049808
162,Yokoyama Seiko,F,1994-03-22,239 Wooster Street,63938934537
163,Lu Jiehong,M,1985-05-30,"751 Zhongshan 5th Rd, Zimaling Shangquan",63938494547
164,So Kwok Ming,M,1998-05-03,891 Sackville St,63929326745
165,Wang Jialun,M,1995-11-09,"1-6-4, Marunouchi, Chiyoda-ku",63929910337
166,Cai Zhennan,M,1996-01-28,"72 Jiangnan West Road, Haizhu District",63919277287
167,Shibata Kazuma,M,1989-02-11,6 Spring Gardens,63929971707
168,Theresa Howard,F,1993-11-12,"620 4th Section  Renmin South Road, Jinjiang District",63929581907
169,Ando Ren,F,1980-06-06,463 East Cooke Road,63929341513
170,Joseph Rogers,M,1981-02-12,"3-15-18 Ginza, Chuo-ku",63972503478
171,Sakurai Yuto,M,1984-04-13,"528 Tangyuan Street 5th Alley, Airport Road, Baiyun",63938833568
172,Ying Tsz Hin,M,1993-03-27,"489 Edward Ave, Braunstone Town",63972199564
173,Jacob Mitchell,M,1986-07-08,"501 W Ring Rd, Buji Town, Longgang",63972794490
174,Takagi Akina,F,1989-10-01,"418 Qingshuihe 1st Rd, Luohu District",63919420027
175,Nathan Vasquez,M,1993-01-15,"5-2-8 Kikusui 3 Jo, Shiroishi Ward",63972618171
176,Du Lan,F,1987-10-31,295 Portland St,63919870373
177,Maruyama Yota,M,1999-05-08,923 New Street,63938240876
178,Joe Dunn,M,1978-02-14,"410 The Pavilion, Lammas Field, Driftway",63972497196
179,Fujiwara Hazuki,F,1997-07-03,"6-1-13, Miyanomori 4 Jo, Chuo Ward",63929989836
180,Kudo Sara,F,2000-08-17,354 Sackville St,63972605238
181,Hashimoto Momoka,F,1976-05-22,"641 Shennan E Rd, Cai Wu Wei, Luohu District",63919045397
182,Zhu Ziyi,M,1995-07-21,"1-1-17 Deshiro, Nishinari Ward",63972685797
183,Wayne Barnes,M,1997-02-21,"40 East Wangfujing Street, Dongcheng District ",63929714209
184,Daniel Gray,M,1987-01-08,"111 Yueliu Rd, Fangshan District",63938143436
185,Bobby Palmer,M,1994-09-08,"2-1-12 Kaminopporo 1 Jo, Atsubetsu Ward",63972891137
186,Kathleen Freeman,F,1994-01-06,"635 Tianhe Road, Tianhe District",63919115369
187,To Wing Sze,F,1985-08-19,"1-1-19 Deshiro, Nishinari Ward",63938344308
188,Han Sze Yu,F,1997-04-05,372 Collier Road,63972914067
189,Ng Ka Ling,F,1992-06-24,184 Maddox Street,63972552175
190,Chen Jialun,M,1989-02-20,"647 39 William IV St, Charing Cross",63919157238
191,Xiong Yuning,M,1996-05-16,113 East Cooke Road,63929215002
192,Tao Jialun,M,1976-08-31,396 Tremont Road,63929160751
193,Kong Xiaoming,M,1994-06-15,"13-3-10 Toyohira 3 Jo, Toyohira Ward",63919583602
194,Louis Coleman,M,1997-02-01,598 Broadway,63938167523
195,Stephen Thomas,M,1994-11-05,"110 W Ring Rd, Buji Town, Longgang",63929557239
196,Sakurai Sara,F,1999-10-06,"10 1-1715 Sekohigashi, Moriyama Ward",63929733873
197,Hung Wai Han,F,1990-06-11,"3-15-20 Ginza, Chuo-ku",63938794929
198,Zhao Lan,F,1993-06-07,"2 1-1715 Sekohigashi, Moriyama Ward",63929746225
199,Li Yuning,M,1989-01-03,392 Shanhu Rd,63938104581
200,Wong Wai Man,F,1992-10-30,"1-1-8 Deshiro, Nishinari Ward",63929462309
201,Bobby Hamilton,M,1976-05-10,"56 The Pavilion, Lammas Field, Driftway",63919927890
202,Siu Wai Man,F,1994-01-29,"2-3-6 Yoyogi, Shibuya-ku",63972721901
203,Li Ziyi,M,1979-12-26,"412 West Chang'an Avenue, Xicheng District",63929612415
204,Yuen Ming Sze,F,1996-08-06,281 Central Avenue,63929591111
205,Tiffany Johnson,F,1985-01-31,688 Collier Road,63929787056
206,Willie Rodriguez,M,1996-11-06,"13-3-18 Toyohira 3 Jo, Toyohira Ward",63919429433
207,Jiang Yuning,M,1986-06-24,566 Hanover St,63972020501
208,Chang Anqi,F,1994-06-11,561 Fifth Avenue,63938204885
209,Kam Ho Yin,M,1994-03-29,"293 4th Section  Renmin South Road, Jinjiang District",63972358193
210,Shibata Aoi,F,1985-11-10,375 Nostrand Ave,63972454913
211,Don Hayes,M,1999-12-09,"182 West Chang'an Avenue, Xicheng District",63919120630
212,Yokoyama Hazuki,F,1997-04-06,"577 Ganlan Rd, Pudong",63919886273
213,Yuen Fat,M,1987-08-22,"499 W Ring Rd, Buji Town, Longgang",63938631853
214,Gong Xiuying,F,1977-09-05,819 Lefeng 6th Rd,63919214785
215,Albert Ramirez,M,1997-01-15,94 Broadway,63929849502
216,Loui Wing Sze,F,1981-11-03,"1-1-3 Deshiro, Nishinari Ward",63972143300
217,Xiong Ziyi,M,1989-11-13,"47 Ganlan Rd, Pudong",63919822623
218,Miyazaki Aoshi,M,1995-03-05,"457 39 William IV St, Charing Cross",63938817513
219,Imai Minato,M,1998-11-04,3-9-1 Gakuenminami,63919522013
220,Xu Yuning,M,1998-04-11,667 East Alley,63919340871
221,Gladys Stephens,F,1991-09-01,"2-1-20 Kaminopporo 1 Jo, Atsubetsu Ward",63919210338
222,Xu Zhiyuan,M,1996-10-31,"3-15-14 Ginza, Chuo-ku",63919182910
223,Goto Tsubasa,M,1997-07-09,"690 Yueliu Rd, Fangshan District",63938398883
224,Yin Jiehong,M,1976-01-19,"6-1-3, Miyanomori 4 Jo, Chuo Ward",63938282210
225,Yamazaki Hikari,F,1986-01-18,332 Wicklow Road,63938752582
226,Pauline Castillo,F,1997-05-07,"959 Abingdon Rd, Cumnor",63938356136
227,Wan Ming Sze,F,1994-08-16,"516 Xue Yuan Yi Xiang, Longgang",63929402993
228,Hirano Momoka,F,1989-03-17,31 Ridgewood Road,63919822293
229,Noguchi Sara,F,1992-09-18,678 Pollen Street,63919911524
230,Nishimura Yamato,M,1999-10-24,"3-19-20 Shimizu, Kita Ward",63972094310
231,Miura Mai,F,1984-08-27,"495 Silver St, Newnham",63929111117
232,Robin Ross,F,1990-12-28,"1-6-11, Marunouchi, Chiyoda-ku",63919442078
233,Okamoto Hina,F,1986-05-19,844 Central Avenue,63929852675
234,Lu Ziyi,M,1978-04-20,267 Canal Street,63938371293
235,Matsumoto Daisuke,M,1979-05-29,47 Sackville St,63929872619
236,Brian Wright,M,2000-02-02,"155 Abingdon Rd, Cumnor",63919613474
237,Fred Jenkins,M,1986-09-12,681 Central Avenue,63972235323
238,Masuda Yuito,M,1991-04-02,315 East Cooke Road,63938775998
239,Yuan Lan,F,1997-05-12,430 Regent Street,63938533975
240,Christine Smith,F,1977-06-25,769 East Alley,63929521356
241,Lucille Gomez,F,1980-04-16,416 Bergen St,63938755077
242,Ye Zitao,M,2000-04-02,932 Osney Mead,63919085895
243,Liang Jiehong,M,1992-10-02,"158 028 County Rd, Yanqing District",63938955876
244,Hou Yunxi,M,1992-10-28,998 Pedway,63929686277
245,Cheung Wing Fat,M,1992-04-08,"13-3-3 Toyohira 3 Jo, Toyohira Ward",63972177810
246,Tin Ka Keung,M,1988-01-01,639 West Market Street,63919829580
247,Qian Xiuying,F,1979-07-02,"3-15-11 Ginza, Chuo-ku",63919820394
248,Thomas Baker,M,1982-10-25,438 Central Avenue,63972458976
249,Noguchi Ayato,M,1990-08-24,341 Fern Street,63938867664
250,Monica Owens,F,1980-09-20,758 Little Clarendon St,63972094376
251,Jin Ziyi,M,1995-08-08,"119 Lodge Ln, Toxteth",63929292233
252,Zhang Yunxi,M,1998-04-24,"6-1-3, Miyanomori 4 Jo, Chuo Ward",63919660746
253,Kobayashi Rin,F,1977-09-19,"3-15-1 Ginza, Chuo-ku",63929148969
254,Yao Zhiyuan,M,1990-04-04,"858 Papworth Rd, Trumpington",63919842765
255,Yoshida Miu,F,1989-12-22,710 State Street,63938649524
256,Murata Ayano,F,1992-12-19,"3-27-20 Higashitanabe, Higashisumiyoshi Ward",63938269179
257,Marvin Robinson,M,1978-11-07,"95 Elms Rd, Botley",63938212508
258,Pan Ziyi,M,1996-05-15,"2-3-15 Yoyogi, Shibuya-ku",63938242886
259,Cheung Chun Yu,M,1998-06-28,"493 NO.6, YuShuang Road, ChengHua Distric",63972008374
260,Sakamoto Yuto,M,1976-05-15,"58 Tangyuan Street 5th Alley, Airport Road, Baiyun",63938337447
261,Zhang Ziyi,M,1980-02-01,585 Lower Temple Street,63919440840
262,Henry Cruz,M,1992-08-31,226 Dongtai 5th St,63929874997
263,Ueda Ikki,M,1992-02-20,898 Bergen St,63938510109
264,Matsumoto Akina,F,1989-03-24,510 Maddox Street,63972397840
265,Juan Foster,M,1993-11-09,"2-5-2 Chitose, Atsuta Ward",63929520575
266,Yip Suk Yee,F,1990-04-18,"3-27-7 Higashitanabe, Higashisumiyoshi Ward",63938209224
267,Yamamoto Takuya,M,1976-09-24,"891 Daxin S Rd, Daxin Shangquan, Tianhe Qu",63938640519
268,Zhong Zhiyuan,M,1979-01-30,"258 Sanlitun Road, Chaoyang District",63972431297
269,Chu Kwok Yin,M,1984-06-23,"968 Yueliu Rd, Fangshan District",63929234950
270,He Jialun,M,1978-09-07,"5-2-16 Higashi Gotanda, Shinagawa-ku ",63919601685
271,Mori Nanami,M,1981-03-17,550 Cannon Street,63929131118
272,Yuen Kwok Yin,M,2000-04-06,"4-9-19 Kamihigashi, Hirano Ward",63929860176
273,Yeow Ka Ling,F,1989-09-27,254 Riverview Road,63972391330
274,Sato Ayato,M,1980-12-16,"643 028 County Rd, Yanqing District",63929353495
275,Abe Itsuki,M,1991-08-30,"680 Elms Rd, Botley",63929779142
276,Okamoto Kasumi,M,1985-05-03,"716 4th Section  Renmin South Road, Jinjiang District",63938365150
277,Kam Chi Yuen,M,1996-02-15,"1-6-13, Marunouchi, Chiyoda-ku",63929038492
278,Liao Kar Yan,F,1996-08-08,933 Pollen Street,63938272513
279,Zheng Lan,F,1983-03-15,58 Rush Street,63919403930
280,Chang Shihan,F,1996-06-19,"5-2-19 Kikusui 3 Jo, Shiroishi Ward",63919128236
281,Amber Silva,F,1988-03-17,"13-3-2 Toyohira 3 Jo, Toyohira Ward",63919490455
282,Pang Kwok Kuen,M,1993-10-26,"787 Jiangnan West Road, Haizhu District",63972983263
283,Noguchi Kazuma,M,1978-10-08,"1-5-18, Higashi-Shimbashi, Minato-ku",63938245975
284,Yeow Tsz Ching,F,1988-12-19,597 New Wakefield St,63919127542
285,Gerald Howard,M,1990-11-19,590 Osney Mead,63929465654
286,Che Ka Keung,M,1984-03-05,965 Little Clarendon St,63929147050
287,Shimizu Airi,F,1998-06-15,336 Grape Street,63929048834
288,Tsang Hiu Tung,F,1990-01-28,751 East Alley,63929427868
289,Sheh Ka Man,M,1998-01-15,240 Huanqu South Street 2nd Alley,63929689192
290,Nakano Tsubasa,M,1978-05-12,962 Portland St,63929711864
291,Sun Ziyi,M,1996-05-14,509 North Michigan Ave,63929690795
292,Kong Suk Yee,F,1994-10-16,738 Figueroa Street,63938646403
293,Sugiyama Yuna,F,1979-03-19,140 Sky Way,63938818487
294,Ishii Mio,F,1985-04-23,623 Wall Street,63929110421
295,Rachel Tran,F,1982-02-25,"497 2nd Zhongshan Road, Yuexiu District",63972757547
296,Wang Zhiyuan,M,1997-10-15,968 Maddox Street,63929134521
297,Hashimoto Rin,F,1977-09-08,341 Earle Rd,63972686780
298,Nakayama Mitsuki,F,1999-09-19,"628 Aigburth Rd, Aigburth",63929663108
299,Mak Fu Shing,M,1992-07-20,891 Stephenson Street,63919623005
300,Irene Russell,F,1990-06-02,"1-1-19 Deshiro, Nishinari Ward",63938744284
301,Ethel Vargas,F,1993-01-29,"3-15-12 Ginza, Chuo-ku",63972511302
302,Kudo Sakura,F,1981-04-10,"89 Silver St, Newnham",63929369936
303,Kato Shino,F,1982-04-19,279 Park End St,63972706474
304,Yung Wing Fat,M,1993-02-12,220 Wyngate Dr,63929991579
305,Richard Kelley,M,1995-04-24,773 Grape Street,63929779265
306,Chad Dunn,M,1984-09-18,415 East Cooke Road,63972244855
307,Dai Yuning,M,1978-07-23,222 Hinckley Rd,63938485920
308,Gu Jiehong,M,1996-11-28,"781 East Wangfujing Street, Dongcheng District ",63919650713
309,Terry Butler,M,1976-03-30,822 West Market Street,63919955086
310,Shing Kwok Kuen,M,1978-12-27,"5-2-10 Higashi Gotanda, Shinagawa-ku ",63929190454
311,Sakai Miu,F,1988-12-12,"737 Cyril St, Braunstone Town",63929664556
312,Crystal Porter,F,1996-06-17,264 Lower Temple Street,63919354705
313,Michael Baker,M,1980-10-07,"2-1-7 Kaminopporo 1 Jo, Atsubetsu Ward",63972469145
314,Jessica Kennedy,F,1990-04-28,206 Grape Street,63929662828
315,Judy Kennedy,F,1976-02-22,"6-1-11, Miyanomori 4 Jo, Chuo Ward",63938861474
316,Wong Chung Yin,M,1992-06-01,481 State Street,63929021736
317,Meng Zitao,M,1979-07-30,"1-6-2, Marunouchi, Chiyoda-ku",63938081216
318,Qin Jialun,M,1982-05-20,"715 Huaxia St, Jinghua Shangquan",63938462510
319,Chu Sai Wing,M,1980-08-22,635 Alameda Street,63929111620
320,Annie Henderson,F,1999-04-02,563 Osney Mead,63919919835
321,Pan Anqi,F,1993-09-30,26 Lark Street,63938762744
322,Lee Watson,M,1993-04-19,3-9-6 Gakuenminami,63938785495
323,Chen Ziyi,M,1989-06-07,"911 3rd Section Hongxing Road, Jinjiang District",63929990779
324,Fong Wing Suen,F,1987-10-13,"2-1-17 Kaminopporo 1 Jo, Atsubetsu Ward",63919730285
325,Wayne Weaver,M,1999-01-02,831 Lefeng 6th Rd,63938833244
326,Han Xiuying,F,1991-04-15,"406 Yueliu Rd, Fangshan District",63919282903
327,Zeng Rui,M,1981-09-02,"225 Binchuan Rd, Minhang District",63929663559
328,Denise Foster,F,1995-12-10,"494 The Pavilion, Lammas Field, Driftway",63919258628
329,Emily Coleman,F,1983-03-22,"1-1-15 Deshiro, Nishinari Ward",63919979753
330,Shibata Minato,M,1994-08-21,635 Redfern St,63972204070
331,Yao Yuning,M,2000-12-22,"351 Lodge Ln, Toxteth",63919161304
332,Rosa Murray,F,1998-10-07,889 Stephenson Street,63938995027
333,Hirano Ayano,F,1983-06-28,"5-4-7 Kikusui 3 Jo, Shiroishi Ward,",63972189321
334,Murata Hikari,F,1987-09-23,"140 Binchuan Rd, Minhang District",63929525103
335,Leroy Morgan,M,1994-05-22,"230 49/50 Strand, Charing Cross",63929311248
336,Fan Tin Wing,M,1999-02-13,"964 Whitehouse Lane, Huntingdon Rd",63929436218
337,Chu Cho Yee,F,1981-11-11,884 Hanover Street,63929017201
338,Beverly Ryan,F,1979-10-09,332 Bergen St,63919447828
339,Xie Zhennan,M,1994-02-09,"3-15-2 Ginza, Chuo-ku",63919371019
340,Xu Zitao,M,1985-05-14,"15 4-20 Kawagishicho, Mizuho Ward",63919350194
341,Howard Romero,M,1993-07-12,"940 Whitehouse Lane, Huntingdon Rd",63919566375
342,Lu Jialun,M,1990-03-31,389 Diplomacy Drive,63919377376
343,Hsuan Tin Lok,M,1993-02-08,"5-2-8 Higashi Gotanda, Shinagawa-ku ",63929857629
344,Hirano Seiko,F,1994-08-12,"58 W Ring Rd, Buji Town, Longgang",63919975737
345,Lui Kar Yan,F,1980-08-02,"1 1-1 Honjocho, Yamatokoriyama",63929898469
346,Chic Wing Kuen,M,1987-01-05,892 East Alley,63938459931
347,Wei Anqi,F,1982-12-28,"19 3-803 Kusunokiajima, Kita Ward",63929901986
348,Cheng Fu Shing,M,1990-11-27,772 Park End St,63972676495
349,Yin Ka Fai,M,1982-12-18,"419 2nd Zhongshan Road, Yuexiu District",63919091329
350,Duan Zitao,M,1984-03-26,156 Kengmei 15th Alley,63938933923
351,Kobayashi Yota,M,1994-12-09,546 Little Clarendon St,63919123097
352,Yeung Wai Lam,F,1995-01-07,454 Lark Street,63929194177
353,Catherine Flores,F,1985-08-27,"813 Huaxia St, Jinghua Shangquan",63919647999
354,Jerry Woods,M,1980-10-24,"451 Middle Huaihai Road, Huangpu District",63929890009
355,Lucille Lewis,F,1995-07-19,"19 Xue Yuan Yi Xiang, Longgang",63938155901
356,Yuan Lan,F,1985-07-05,827 Alameda Street,63972387421
357,Meng Suk Yee,F,2000-05-20,972 Central Avenue,63972853634
358,Jeremy Garcia,M,1983-09-26,87 Hinckley Rd,63929873909
359,Willie Taylor,M,1995-04-13,704 Pollen Street,63919164469
360,Chin Kar Yan,F,2000-01-22,"600 Whitehouse Lane, Huntingdon Rd",63938379864
361,Roger Butler,M,1977-07-29,"487 Binchuan Rd, Minhang District",63972972634
362,Wei Yuning,M,1992-11-21,550 Figueroa Street,63938973931
363,Su Zitao,M,1988-10-30,"1-6-4, Marunouchi, Chiyoda-ku",63929161826
364,Miyazaki Hikaru,F,1979-08-15,"No. 267, Shuangqing Rd, Chenghua District",63972388091
365,Watanabe Sara,F,1984-04-20,341 West Houston Street,63929673757
366,Pang Chung Yin,M,1999-04-10,"398 Tianhe Road, Tianhe District",63929497350
367,Lui Lai Yan,F,1993-08-20,"263 Yueliu Rd, Fangshan District",63919630508
368,Melissa Watson,F,1985-11-08,59 Mosley St,63929919686
369,Louis Garza,M,1998-04-19,"19 1-1715 Sekohigashi, Moriyama Ward",63929071932
370,Lei Zitao,M,1995-08-28,"974 Jingtian East 1st St, Futian District",63929033988
371,Anthony Morris,M,1998-02-23,955 Grape Street,63972329194
372,Yamamoto Takuya,M,1990-09-22,896 West Houston Street,63919645134
373,Charlotte Reyes,F,1991-06-15,"99 NO.6, YuShuang Road, ChengHua Distric",63929912011
374,Yan Lan,F,1995-09-05,"1-1-1 Deshiro, Nishinari Ward",63929438797
375,Mo Wai Man,F,1987-02-22,"875 Tianbei 1st Rd, Luohu District",63972275717
376,Kam Hok Yau,M,1979-09-28,"5-19-4 Shinei 4 Jo, Kiyota Ward",63972376770
377,Ku Wing Suen,F,1989-12-16,900 Columbia St,63972168335
378,Nakajima Aoi,F,1980-06-13,"5-2-18 Kikusui 3 Jo, Shiroishi Ward",63938029239
379,He Jialun,M,1980-07-18,253 Diplomacy Drive,63919190568
380,Ng Tak Wah,M,1988-05-07,911 West Market Street,63938119553
381,Fang Xiaoming,M,1993-04-07,"13-3-12 Toyohira 3 Jo, Toyohira Ward",63972515537
382,Wada Itsuki,M,1991-06-08,176 Rush Street,63972422861
383,Kojima Itsuki,M,1996-09-13,"154 Tianhe Road, Tianhe District",63972521308
384,Fujiwara Riku,M,1986-11-15,519 Collier Road,63919459825
385,Tamura Takuya,M,1997-08-31,"2-1-8 Kaminopporo 1 Jo, Atsubetsu Ward",63972998459
386,Nakagawa Seiko,F,1986-07-08,"9 4-20 Kawagishicho, Mizuho Ward",63972535092
387,Aaron Fisher,M,1998-10-21,"249 Aigburth Rd, Aigburth",63938932640
388,Edna Rose,F,1984-07-26,662 East Cooke Road,63929894739
389,Takahashi Rin,F,1983-11-07,"2-1-4 Tenjinnomori, Nishinari Ward",63938553789
390,Hara Yamato,M,1980-07-01,"11 3-803 Kusunokiajima, Kita Ward",63972274555
391,Lui Ho Yin,M,1981-03-14,"802 Aigburth Rd, Aigburth",63938966208
392,Chen Jiehong,M,1992-10-01,"5-2-19 Higashi Gotanda, Shinagawa-ku ",63938508423
393,Fukuda Mio,F,1977-02-03,"204 39 William IV St, Charing Cross",63972511131
394,Fan Zhiyuan,M,1998-05-20,56 Wooster Street,63919260748
395,Francis Dixon,M,1983-02-15,"14 1-1 Honjocho, Yamatokoriyama",63919472332
396,Takagi Nanami,M,1992-03-08,307 Portland St,63938012878
397,Michelle Stone,F,1982-08-31,855 Redfern St,63919414700
398,Cheng Wing Fat,M,1977-08-11,"5-2-5 Kikusui 3 Jo, Shiroishi Ward",63972651432
399,Yin Fu Shing,M,1997-06-05,"31 Jianxiang Rd, Pudong",63929655624
400,Gu Rui,M,1982-02-21,"378 Zhongshan 5th Rd, Zimaling Shangquan",63929418794
401,Shibata Yota,M,1994-10-31,"5-2-11 Higashi Gotanda, Shinagawa-ku ",63919762991
402,Shimizu Shino,F,1996-02-16,"4-9-11 Kamihigashi, Hirano Ward",63919303857
403,Gao Rui,M,1991-09-24,34 Portland St,63938080595
404,Yuen Tsz Hin,M,1988-05-15,884 Osney Mead,63929617461
405,Fu Sai Wing,M,1999-06-07,"5-2-10 Higashi Gotanda, Shinagawa-ku ",63919442476
406,Luo Lu,F,1989-08-01,"138 2nd Zhongshan Road, Yuexiu District",63929028877
407,Chung Tsz Hin,M,1988-06-29,"364 NO.6, YuShuang Road, ChengHua Distric",63929089900
408,Hayashi Hina,F,1991-08-25,649 Hanover St,63972191037
409,Yoshida Hikaru,F,1987-01-27,"1-6-7, Marunouchi, Chiyoda-ku",63938724937
410,Kinoshita Daisuke,M,1990-12-15,67 Fern Street,63938163176
411,Iwasaki Minato,M,1995-12-26,273 1st Ave,63929158303
412,Carol Vargas,F,1983-09-28,263 Bank Street,63929051513
413,Monica Diaz,F,1985-04-10,959 Sackville St,63938300200
414,Shimizu Hazuki,F,1981-06-14,8 Regent Street,63972384692
415,Yamaguchi Hina,F,1981-08-15,783 State Street,63972204131
416,Ricky Taylor,M,1990-12-08,"692 Whitehouse Lane, Huntingdon Rd",63929811020
417,Mao Zhiyuan,M,1988-11-27,377 Pedway,63972776975
418,Morita Ayato,M,1977-05-08,998 Wall Street,63938532146
419,Ota Ryota,M,1976-09-11,450 Nostrand Ave,63929550953
420,Lu Shihan,F,1982-05-27,"No. 331, Shuangqing Rd, Chenghua District",63972375068
421,Che Ming Sze,F,1993-03-24,"2-1-7 Tenjinnomori, Nishinari Ward",63929188525
422,Mak Sum Wing,F,1996-09-26,1-7-4 Saidaiji Akodacho,63929273788
423,Jeremy Edwards,M,1986-02-28,"742 NO.6, YuShuang Road, ChengHua Distric",63919329872
424,Nomura Mai,F,1983-11-26,"5-2-17 Higashi Gotanda, Shinagawa-ku ",63938467781
425,Rose Kim,F,1999-11-16,139 Lefeng 6th Rd,63919054261
426,Huang Rui,M,1978-05-09,746 North Michigan Ave,63938878104
427,Pang Yu Ling,F,1995-04-27,"191 Edward Ave, Braunstone Town",63929563289
428,Kato Kenta,M,1979-10-12,45 Redfern St,63929041532
429,Kelly Schmidt,F,2000-10-23,"6-1-14, Miyanomori 4 Jo, Chuo Ward",63972952569
430,David Gordon,M,1989-09-29,"262 Xue Yuan Yi Xiang, Longgang",63919066205
431,Theresa Rodriguez,F,1993-09-21,"184 Volac Park, Grantchester Rd",63938206724
432,Mary Watson,F,2000-03-06,"2-1-14 Kaminopporo 1 Jo, Atsubetsu Ward",63972014296
433,Hui Chieh Lun,M,1985-07-01,541 Central Avenue,63929135820
434,Ho Wing Fat,M,1981-04-30,811 New Street,63938606868
435,Ma Wai San,F,1999-07-08,"520 Daxin S Rd, Daxin Shangquan, Tianhe Qu",63919783391
436,Dong Yuning,M,1976-11-20,"967 West Chang'an Avenue, Xicheng District",63938370659
437,Han Xiuying,F,1982-09-03,18 Alameda Street,63972586572
438,Wang Anqi,F,1990-04-08,"115 Xiaoping E Rd, Baiyun ",63929931143
439,Shimada Rena,F,1979-06-27,"5 1-1 Honjocho, Yamatokoriyama",63972407985
440,Qiu Lan,F,1978-11-18,196 Lower Temple Street,63919432727
441,Tam Chiu Wai,M,1997-01-11,772 Collier Road,63919951185
442,Tan Zitao,M,1977-02-12,"878 Lodge Ln, Toxteth",63929904590
443,Ye Zhiyuan,M,1996-02-19,974 Mosley St,63929142450
444,Su Yunxi,M,2000-06-11,841 Fern Street,63929491408
445,Fang Rui,M,1988-03-02,"1-5-16, Higashi-Shimbashi, Minato-ku",63938833627
446,Brian Reynolds,M,1985-01-07,459 Canal Street,63972650560
447,Sharon Crawford,F,1978-08-14,462 Lower Temple Street,63929181940
448,Ho Sum Wing,F,1992-11-21,"636 Papworth Rd, Trumpington",63929230282
449,Duan Yuning,M,1993-09-20,349 Narborough Rd,63972619868
450,James Payne,M,1997-09-17,"2-3-8 Yoyogi, Shibuya-ku",63919729343
451,Lu Zitao,M,1995-07-20,"2-5-11 Chitose, Atsuta Ward",63929968160
452,Miyamoto Mio,F,1989-08-05,933 East Alley,63938148395
453,Pang Tsz Hin,M,1994-02-05,"67 4th Section  Renmin South Road, Jinjiang District",63972872945
454,Miura Rena,F,1993-03-18,"13-3-5 Toyohira 3 Jo, Toyohira Ward",63938188568
455,Stephanie Harris,F,1996-06-13,"37 East Wangfujing Street, Dongcheng District ",63929411200
456,Kwong Wing Sze,F,1980-05-02,"879 Tianbei 1st Rd, Luohu District",63919361839
457,Shen Lu,F,1995-08-23,442 Canal Street,63938263084
458,Yung Kwok Wing,M,1990-11-27,"830 Yueliu Rd, Fangshan District",63929253266
459,Sugiyama Kaito,M,1989-10-31,971 New Wakefield St,63929435196
460,Takagi Seiko,F,1990-03-03,519 Portland St,63938958087
461,Lee Rogers,M,1993-08-19,384 Stephenson Street,63919431027
462,Taniguchi Daichi,M,1996-04-12,643 West Market Street,63972649887
463,Josephine Robertson,F,1990-10-28,"538 Jingtian East 1st St, Futian District",63919954561
464,Sit Wai Lam,F,1985-11-19,"1-5-16, Higashi-Shimbashi, Minato-ku",63919598392
465,Murata Sara,F,1988-06-14,"125 Tianbei 1st Rd, Luohu District",63919812573
466,Arai Sara,F,1998-09-01,731 North Michigan Ave,63972288159
467,Lam Kar Yan,F,1998-06-08,"13-3-12 Toyohira 3 Jo, Toyohira Ward",63938114856
468,Deng Zhiyuan,M,1995-08-21,"590 Dong Zhi Men, Dongcheng District",63972999001
469,Yao Jiehong,M,1999-10-13,"5-2-16 Higashi Gotanda, Shinagawa-ku ",63938724552
470,Janet Graham,F,1986-06-23,515 Nostrand Ave,63919934062
471,Chu Kwok Wing,M,1997-04-25,"377 Aigburth Rd, Aigburth",63919663771
472,Hayashi Ren,F,1995-06-03,664 Hanover St,63938685163
473,Takahashi Ikki,M,1978-12-20,481 State Street,63919348756
474,Yin Chieh Lun,M,1984-06-06,"561 W Ring Rd, Buji Town, Longgang",63929372493
475,Harada Itsuki,M,1982-05-18,"1-7-18 Omido, Higashiosaka",63938690328
476,Harada Nanami,M,1995-05-05,"2-5-10 Chitose, Atsuta Ward",63972699862
477,Pan Ziyi,M,1995-08-03,"3 3-803 Kusunokiajima, Kita Ward",63929213217
478,Hirano Momoka,F,1984-08-23,519 Huanqu South Street 2nd Alley,63929776755
479,Arimura Riku,M,1995-05-05,"639 4th Section  Renmin South Road, Jinjiang District",63919535416
480,Ren Rui,M,1989-11-13,"431 Abingdon Rd, Cumnor",63972396936
481,Timothy Roberts,M,1981-11-15,800 Rush Street,63938898793
482,Yokoyama Eita,F,1989-02-05,"711 68 Qinghe Middle St, Haidian District",63929363486
483,Qiu Xiuying,F,1990-04-14,"1-7-16 Omido, Higashiosaka",63972343275
484,Tin Wai Lam,F,1989-03-12,"1-5-16, Higashi-Shimbashi, Minato-ku",63929285304
485,Tao Chun Yu,M,1979-06-28,"422 2nd Zhongshan Road, Yuexiu District",63929927849
486,Cheng Shihan,F,1993-09-09,586 Pedway,63919072491
487,Albert Tucker,M,1979-11-03,455 State Street,63972467826
488,Joanne Hunter,F,1992-02-22,487 Portland St,63938471867
489,Chen Rui,M,1980-05-03,3-9-20 Gakuenminami,63919579299
490,Kwong Ling Ling,F,1991-12-28,"495 3rd Section Hongxing Road, Jinjiang District",63919932098
491,Ishii Rin,F,1998-04-15,"2-5-15 Chitose, Atsuta Ward",63938208723
492,Tamura Kasumi,M,2000-02-18,"13-3-13 Toyohira 3 Jo, Toyohira Ward",63929023406
493,Yan Zhiyuan,M,2000-07-20,"4-9-2 Kamihigashi, Hirano Ward",63972182414
494,Lok Wai Man,F,1991-10-01,890 Bergen St,63938758446
495,Zhu Shihan,F,1989-11-02,875 Little Clarendon St,63919952383
496,Wang Zhennan,M,1989-05-26,"5-2-4 Higashi Gotanda, Shinagawa-ku ",63919755558
497,Liu Xiuying,F,1979-09-05,"503 Dong Zhi Men, Dongcheng District",63919445381
498,Su Yuning,M,1984-05-23,"962 Silver St, Newnham",63919829199
499,Takagi Mitsuki,F,2000-06-06,174 Pedway,63929364606
500,Man Chi Yuen,M,1995-09-22,"5-19-9 Shinei 4 Jo, Kiyota Ward",63919641051
501,Shimizu Seiko,F,1996-02-04,"813 NO.6, YuShuang Road, ChengHua Distric",63938194711
502,Sheila Foster,F,1997-12-11,"1-5-5, Higashi-Shimbashi, Minato-ku",63938869146
503,Ng Sau Man,F,1994-05-09,"70 Jingtian East 1st St, Futian District",63972411796
504,Grace Williams,F,1996-06-03,"467 Daxin S Rd, Daxin Shangquan, Tianhe Qu",63938289083
505,Arimura Sakura,F,1980-08-07,211 Pedway,63929780997
506,Nakamura Miu,F,1987-07-06,"529 Zhongshan 5th Rd, Zimaling Shangquan",63972073508
507,Xiao Zitao,M,1994-04-05,"2-3-7 Yoyogi, Shibuya-ku",63938336142
508,Heung Tak Wah,M,1984-07-16,450 East Alley,63919279852
509,Tsui Tin Lok,M,1979-04-13,"2-1-10 Tenjinnomori, Nishinari Ward",63919831945
510,Janet Nichols,F,1995-07-30,714 Lower Temple Street,63929427244
511,Maeda Minato,M,1993-04-16,458 Columbia St,63972160656
512,Marjorie Mendez,F,1986-06-20,416 1st Ave,63919060249
513,Ishii Minato,M,1981-08-08,"5-2-19 Kikusui 3 Jo, Shiroishi Ward",63919632825
514,Ti Wing Fat,M,1984-10-11,"4-9-16 Kamihigashi, Hirano Ward",63972944213
515,Thomas Grant,M,1989-03-24,"5-19-6 Shinei 4 Jo, Kiyota Ward",63929608379
516,Yuan Shihan,F,1988-12-07,671 Bergen St,63938796564
517,Mary Long,F,1981-10-13,"614 Tianbei 1st Rd, Luohu District",63972142494
518,Ma Chi Yuen,M,1978-04-16,"716 Sanlitun Road, Chaoyang District",63919434136
519,Yuen Wing Kuen,M,1986-06-13,204 New Wakefield St,63919397142
520,Zhong Lan,F,1995-01-29,813 Redfern St,63929984343
521,Laura Cooper,F,1993-03-30,3-9-9 Gakuenminami,63919715669
522,Victoria Stephens,F,1991-05-06,"439 028 County Rd, Yanqing District",63919349408
523,Mok Chung Yin,M,1999-03-19,"777 Trafalgar Square, Charing Cross",63929345644
524,Uchida Aoshi,M,1992-12-01,"No.947, Dongsan Road, Erxianqiao, Chenghua District",63938012931
525,Rosa Jones,F,1994-07-31,237 Hinckley Rd,63972162466
526,To Wing Sze,F,1996-05-03,"5 1-1715 Sekohigashi, Moriyama Ward",63929397223
527,Paula Vargas,F,1976-10-17,"18 4-20 Kawagishicho, Mizuho Ward",63919229075
528,Pak Wai Lam,F,1986-07-29,705 Pedway,63972407576
529,Tang Sze Yu,F,1994-09-09,"655 Shennan E Rd, Cai Wu Wei, Luohu District",63919125525
530,Marcus Kelley,M,1983-06-03,"527 Zhongshan 5th Rd, Zimaling Shangquan",63972955385
531,Suzuki Daichi,M,1998-12-12,682 New Wakefield St,63929107383
532,Fung Fat,M,1986-04-16,30 S Broadway,63972449133
533,Li Yunxi,M,1997-08-29,"14 1-1 Honjocho, Yamatokoriyama",63938164688
534,Walter Bennett,M,1983-06-11,"1-7-3 Omido, Higashiosaka",63929144253
535,Debra Green,F,1989-10-22,321 Fern Street,63972605576
536,Fu Yuning,M,1999-08-19,849 Shanhu Rd,63919742200
537,Jiang Rui,M,2000-10-19,798 Lark Street,63972637070
538,Su Jiehong,M,1982-09-03,"751 Jingtian East 1st St, Futian District",63972446261
539,Stephen Tran,M,1989-10-22,"866 4th Section  Renmin South Road, Jinjiang District",63972513548
540,Yin Wai Man,F,1997-04-21,"479 Volac Park, Grantchester Rd",63919895575
541,Otsuka Eita,F,1980-03-18,266 Regent Street,63919279810
542,Xu Yunxi,M,1997-03-11,"20 4-20 Kawagishicho, Mizuho Ward",63938886464
543,Shi Yunxi,M,1978-02-20,3-9-20 Gakuenminami,63938569794
544,Harold Mcdonald,M,1989-10-16,374 Fifth Avenue,63972290900
545,Ku Fat,M,1999-06-28,216 State Street,63938091535
546,Tong Tin Lok,M,1996-02-26,"9 4-20 Kawagishicho, Mizuho Ward",63929797111
547,Alan Woods,M,1993-01-30,2 Grape Street,63972105683
548,Xiong Xiuying,F,1984-12-20,"168 Abingdon Rd, Cumnor",63972399909
549,Koo Ling Ling,F,1978-02-27,842 Sackville St,63929281524
550,Kobayashi Kasumi,M,1998-09-29,886 Spring Gardens,63938983229
551,Randall Lee,M,1984-12-04,89 East Alley,63919044314
552,Yan Shihan,F,1982-03-27,"985 49/50 Strand, Charing Cross",63972112656
553,Theresa Cook,F,1985-08-16,"1-1-10 Deshiro, Nishinari Ward",63919780096
554,Kobayashi Riku,M,1995-01-06,"352 Jiangnan West Road, Haizhu District",63919115799
555,Eva Diaz,F,1999-08-29,"143 Sanlitun Road, Chaoyang District",63938118504
556,Tse Chi Yuen,M,1982-06-29,278 Hanover Street,63972746506
557,Zhao Ziyi,M,1978-11-20,252 Huanqu South Street 2nd Alley,63929629308
558,Nakagawa Tsubasa,M,1990-05-25,524 Bank Street,63938287663
559,Suzuki Sakura,F,1981-05-03,"1-6-14, Marunouchi, Chiyoda-ku",63929029667
560,Susan Taylor,F,1993-03-28,624 Fern Street,63938942071
561,Feng Xiuying,F,1993-09-10,312 West Market Street,63972591428
562,Xiang Rui,M,1995-05-12,"432 4th Section  Renmin South Road, Jinjiang District",63972429712
563,Koon Cho Yee,F,1998-09-19,21 Bergen St,63972981052
564,Frank Stephens,M,1985-06-06,523 Redfern St,63972440581
565,Xue Jialun,M,1988-05-16,192 Central Avenue,63972099239
566,Koon Fat,M,1984-12-07,"678 W Ring Rd, Buji Town, Longgang",63919451192
567,Travis Jordan,M,2000-09-21,990 Canal Street,63919517691
568,Takagi Kaito,M,1998-03-13,"4-9-4 Kamihigashi, Hirano Ward",63972896595
569,Marie Kennedy,F,1998-08-16,"886 Volac Park, Grantchester Rd",63919311710
570,Shimizu Kasumi,M,2000-02-25,224 Fifth Avenue,63929755220
571,Lok Wai Man,F,1982-06-26,"93 Abingdon Rd, Cumnor",63919177281
572,Wang Anqi,F,1997-04-09,271 New Street,63919124564
573,Dong Zhennan,M,1990-10-30,"709 Daxin S Rd, Daxin Shangquan, Tianhe Qu",63938190002
574,Lai On Na,F,1981-08-27,"5-4-2 Kikusui 3 Jo, Shiroishi Ward,",63919136192
575,Stephen Hayes,M,1988-02-03,230 Lefeng 6th Rd,63929958360
576,Lam Kar Yan,F,1994-03-18,741 Pedway,63919619215
577,Pamela Rivera,F,1987-01-01,"5-2-19 Higashi Gotanda, Shinagawa-ku ",63938843178
578,Hashimoto Rin,F,1983-07-31,"6-1-11, Miyanomori 4 Jo, Chuo Ward",63929985184
579,Katherine Grant,F,1996-08-18,500 Stephenson Street,63929261658
580,Matsuda Eita,F,1983-02-12,"5-4-16 Kikusui 3 Jo, Shiroishi Ward,",63929296866
581,Song Lu,F,1990-02-11,709 Riverview Road,63938770603
582,Xu Xiaoming,M,1977-04-25,"946 FuXingMenNei Street, XiCheng District",63938734208
583,Steven Ward,M,1978-08-22,780 Rush Street,63929950950
584,Feng Zitao,M,1981-06-18,"1-7-15 Omido, Higashiosaka",63919410203
585,Larry Reyes,M,1997-06-13,3 Stephenson Street,63972569854
586,Mary Taylor,F,1994-03-31,"2-5-6 Chitose, Atsuta Ward",63919257703
587,Hsuan Kwok Wing,M,1986-05-09,625 Dongtai 5th St,63919821528
588,Wei Lan,F,1993-06-27,"629 39 William IV St, Charing Cross",63929828685
589,Ying Yun Fat,M,1976-07-06,"812 Whitehouse Lane, Huntingdon Rd",63972946274
590,Yamashita Ryota,M,1989-02-21,556 Mosley St,63972558854
591,Virginia Stewart,F,1981-06-06,352 Kengmei 15th Alley,63938712269
592,Kudo Seiko,F,1993-04-09,"2-1-8 Tenjinnomori, Nishinari Ward",63938619930
593,Katherine Wilson,F,1990-06-19,"558 39 William IV St, Charing Cross",63919483826
594,Pamela Ortiz,F,1997-01-27,"5-2-2 Higashi Gotanda, Shinagawa-ku ",63929572567
595,Sara Griffin,F,1987-04-17,535 Rush Street,63919127744
596,Shimada Eita,F,1980-06-23,41 Nostrand Ave,63938221338
597,Chu Wai Han,F,1990-01-30,118 Riverview Road,63972815054
598,Gu Xiuying,F,1996-03-19,631 Nostrand Ave,63972692645
599,Dai Lu,F,1992-12-01,466 Sky Way,63929818787
600,Lau Hiu Tung,F,1986-08-14,"1-6-14, Marunouchi, Chiyoda-ku",63929261896
601,Ishikawa Itsuki,M,1991-10-31,356 Redfern St,63919297253
602,Hung Tak Wah,M,2000-07-13,"2-5-19 Chitose, Atsuta Ward",63972158562
603,Dai Lik Sun,M,1980-04-27,566 Regent Street,63929517200
604,John Watson,M,1998-12-03,"285 Trafalgar Square, Charing Cross",63929103982
605,Lo Kwok Wing,M,1976-11-19,184 Huanqu South Street 2nd Alley,63938474749
606,George Sanders,M,1986-07-09,"319 2nd Zhongshan Road, Yuexiu District",63929353078
607,Maeda Miu,F,1994-02-24,220 Columbia St,63938675490
608,Choi Wai Yee,F,1992-07-18,387 Shanhu Rd,63919835059
609,Kwan Ming,M,1996-08-13,"12 Elms Rd, Botley",63919095331
610,Frank Harrison,M,1980-01-17,"3-15-13 Ginza, Chuo-ku",63929465700
611,Dong Zhennan,M,1991-06-01,"676 FuXingMenNei Street, XiCheng District",63938324309
612,Ellen Rivera,F,1981-05-09,"4-9-6 Kamihigashi, Hirano Ward",63938751482
613,Clifford Cooper,M,1993-10-24,"556 Daxin S Rd, Daxin Shangquan, Tianhe Qu",63938149378
614,Philip Brown,M,1986-06-18,275 New Street,63919659395
615,Jerry Thomas,M,1996-04-27,"908 Trafalgar Square, Charing Cross",63972998700
616,Chiang Kwok Yin,M,1988-10-06,592 Regent Street,63919542668
617,Wang Jiehong,M,1986-08-19,491 Dongtai 5th St,63929980604
618,Kondo Shino,F,1979-02-02,106 Wall Street,63929767450
619,Melvin Silva,M,1998-08-16,"3-27-2 Higashitanabe, Higashisumiyoshi Ward",63929910957
620,Chang Yunxi,M,1992-08-20,"504 Jingtian East 1st St, Futian District",63929093356
621,Yeow Wai San,F,1991-07-08,"52 Xiaoping E Rd, Baiyun ",63929254629
622,Inoue Kazuma,M,1994-01-19,845 Diplomacy Drive,63919805709
623,Kaneko Aoi,F,1992-12-27,831 Huanqu South Street 2nd Alley,63929104329
624,Tian Xiuying,F,1978-09-10,"860 Volac Park, Grantchester Rd",63972305412
625,Miu Ting Fung,M,1991-02-10,363 Flatbush Ave,63929126366
626,Takeda Aoshi,M,1977-02-26,"1-7-12 Omido, Higashiosaka",63972811042
627,Harry Gardner,M,1976-05-19,613 Bank Street,63929736822
628,Frances Gibson,F,1982-08-27,33 Lark Street,63919805576
629,Kato Akina,F,1985-12-10,"13-3-4 Toyohira 3 Jo, Toyohira Ward",63919980749
630,Wei Zhiyuan,M,1995-07-10,"743 Jiangnan West Road, Haizhu District",63929072603
631,Sheh Tin Wing,M,1987-10-08,424 West Houston Street,63929069891
632,Fung Ming,M,1988-10-30,288 Cannon Street,63919900858
633,Yu Lu,F,1979-01-04,"2-5-3 Chitose, Atsuta Ward",63972497601
634,Frederick Munoz,M,1993-06-04,"684 NO.6, YuShuang Road, ChengHua Distric",63919939723
635,Roy Wright,M,1981-11-09,"613 Cyril St, Braunstone Town",63972831052
636,Watanabe Ikki,M,1977-06-02,"13-3-7 Toyohira 3 Jo, Toyohira Ward",63929106411
637,Alan James,M,1985-02-10,"621 Qingshuihe 1st Rd, Luohu District",63919462389
638,Matsui Yuito,M,1977-04-09,"5-2-7 Higashi Gotanda, Shinagawa-ku ",63929468141
639,Nakajima Sakura,F,1999-06-10,"769 Abingdon Rd, Cumnor",63938905638
640,Joanne Ward,F,1977-12-09,"5-2-3 Higashi Gotanda, Shinagawa-ku ",63938058466
641,Ernest White,M,2000-05-09,392 Figueroa Street,63929865654
642,Ying Chieh Lun,M,1984-01-05,183 Figueroa Street,63972198786
643,Han Fat,M,1980-01-24,695 Lark Street,63972601659
644,Yu Lu,F,1976-09-08,"373 Daxin S Rd, Daxin Shangquan, Tianhe Qu",63929015913
645,Siu Sau Man,F,1991-12-10,"581 Dong Zhi Men, Dongcheng District",63938229727
646,Du Zhiyuan,M,1986-04-04,"496 Cyril St, Braunstone Town",63938750751
647,Yuen Lik Sun,M,1991-11-21,20 Wooster Street,63972511553
648,Louise Lewis,F,1995-10-22,506 Huanqu South Street 2nd Alley,63919022690
649,Sakurai Sara,F,1984-07-02,"594 Abingdon Rd, Cumnor",63938948672
650,Chin Ka Man,M,1986-08-03,"2-5-16 Chitose, Atsuta Ward",63938351032
651,Sato Rena,F,1990-01-02,347 Regent Street,63938972749
652,Choi Siu Wai,F,1985-04-24,431 Bank Street,63938452339
653,Matsumoto Hikaru,F,1998-11-30,681 State Street,63972505486
654,Nakayama Hikari,F,2000-03-02,"1 4-20 Kawagishicho, Mizuho Ward",63929526349
655,Zhong Zhennan,M,1982-09-01,909 Tremont Road,63972083225
656,Chow Chung Yin,M,1988-07-16,"947 Middle Huaihai Road, Huangpu District",63972791001
657,Peng Jialun,M,1993-03-16,130 Riverview Road,63938075533
658,Nakamura Rin,F,1984-03-21,"5-4-11 Kikusui 3 Jo, Shiroishi Ward,",63938831743
659,Morita Tsubasa,M,1986-04-11,"672 Dong Zhi Men, Dongcheng District",63972935785
660,Cai Shihan,F,1979-04-17,"2-1-12 Kaminopporo 1 Jo, Atsubetsu Ward",63919976169
661,Siu Sai Wing,M,1991-06-26,495 Hinckley Rd,63919624258
662,Fong Lik Sun,M,1991-08-26,578 Lark Street,63972909604
663,Kevin Wright,M,1990-11-16,"3-19-8 Shimizu, Kita Ward",63919719071
664,Shimizu Hazuki,F,1990-07-17,"171 Jianxiang Rd, Pudong",63919216705
665,Mario Marshall,M,1986-03-15,"881 Huaxia St, Jinghua Shangquan",63938143557
666,Don Black,M,1981-02-15,164 New Street,63972052875
667,Edna Price,F,2000-08-21,533 Lark Street,63972126071
668,Grace Spencer,F,1993-07-24,"2-1-17 Kaminopporo 1 Jo, Atsubetsu Ward",63929517683
669,Li Rui,M,1981-03-16,"978 Jianxiang Rd, Pudong",63972265941
670,Kim Kelley,F,1983-04-07,150 Hanover Street,63929762149
671,He Rui,M,1978-01-04,941 Nostrand Ave,63929968027
672,Eric Gordon,M,1993-02-15,433 Rush Street,63919725979
673,Ho Wai Lam,F,1981-03-25,"1-5-2, Higashi-Shimbashi, Minato-ku",63929771402
674,Mo Zhennan,M,1988-04-15,110 Canal Street,63938330986
675,Takada Ayano,F,1978-12-21,"5-2-20 Kikusui 3 Jo, Shiroishi Ward",63972757094
676,Miura Riku,M,1992-05-17,"No. 396, Shuangqing Rd, Chenghua District",63938777702
677,Sakamoto Kaito,M,1985-04-26,"818 Shennan E Rd, Cai Wu Wei, Luohu District",63929945258
678,Yin Shihan,F,1979-09-30,155 Stephenson Street,63938187607
679,Peng Yunxi,M,1989-03-20,340 Fifth Avenue,63919837958
680,Fu Wai San,F,1978-01-22,880 Pollen Street,63972231353
681,Rhonda Hill,F,1976-08-30,"250 Whitehouse Lane, Huntingdon Rd",63929443477
682,Mo Ching Wan,M,1996-05-18,915 Regent Street,63972927134
683,Lu Zitao,M,1980-07-12,"3-27-6 Higashitanabe, Higashisumiyoshi Ward",63919144429
684,Ashley Rice,F,1980-04-25,"6-1-6, Miyanomori 4 Jo, Chuo Ward",63938344612
685,Koon Kwok Wing,M,1989-03-31,794 West Market Street,63938574204
686,Sean Rose,M,1981-03-23,882 Wooster Street,63972597461
687,Kaneko Sara,F,1991-01-20,"679 49/50 Strand, Charing Cross",63929781549
688,Feng Zhiyuan,M,1988-06-22,"1-1-10 Deshiro, Nishinari Ward",63929405367
689,Shannon Schmidt,F,1999-05-27,"673 Tangyuan Street 5th Alley, Airport Road, Baiyun",63919805512
690,Kong Anqi,F,1981-02-21,3-9-16 Gakuenminami,63938795794
691,Zhong Jiehong,M,2000-05-13,"924 Jiangnan West Road, Haizhu District",63972391098
692,Jacob Robinson,M,1977-01-25,799 Earle Rd,63919918179
693,Jiang Anqi,F,1988-02-17,"361 Shennan E Rd, Cai Wu Wei, Luohu District",63929514272
694,Tang Sai Wing,M,1979-07-23,"3-27-6 Higashitanabe, Higashisumiyoshi Ward",63919982325
695,Song Yuning,M,1991-10-13,"450 West Chang'an Avenue, Xicheng District",63919400933
696,Chin Wing Suen,F,1988-08-17,288 Hanover St,63919589124
697,Xia Lu,F,1992-10-20,"33 Sanlitun Road, Chaoyang District",63972880039
698,Yeung Ka Keung,M,1977-06-07,498 Nostrand Ave,63938779844
699,Frances Ryan,F,1981-03-18,"938 Tangyuan Street 5th Alley, Airport Road, Baiyun",63919482775
700,Tan Lu,F,1994-11-22,"700 Lodge Ln, Toxteth",63972010644
701,Wada Ryota,M,1997-12-10,"388 Tianbei 1st Rd, Luohu District",63929400934
702,Christine Ortiz,F,1978-08-29,"158 Daxin S Rd, Daxin Shangquan, Tianhe Qu",63919989820
703,Lam Kar Yan,F,1991-01-26,"547 Trafalgar Square, Charing Cross",63919394489
704,Guo Xiaoming,M,1989-12-19,100 Central Avenue,63938957780
705,Sugiyama Rena,F,1977-12-14,933 Regent Street,63938876787
706,Chow Wing Kuen,M,1999-05-16,277 Hinckley Rd,63919956949
707,Fujita Ikki,M,1986-06-25,1-7-17 Saidaiji Akodacho,63972720522
708,Kwok Tsz Ching,F,1983-02-28,223 Sky Way,63938351469
709,Liu Zitao,M,1994-03-20,201 Diplomacy Drive,63929991263
710,Meng Kar Yan,F,1981-06-02,648 Bergen St,63938469662
711,Yamazaki Hazuki,F,1989-05-13,"5-19-20 Shinei 4 Jo, Kiyota Ward",63919168788
712,Eric Brooks,M,1991-12-30,"2-5-1 Chitose, Atsuta Ward",63919181006
713,Gary Hayes,M,1981-02-12,817 Nostrand Ave,63929395088
714,Jose Woods,M,1980-05-05,"220 Yueliu Rd, Fangshan District",63929244763
715,Du Jialun,M,1984-10-16,"1-5-6, Higashi-Shimbashi, Minato-ku",63919595677
716,Xu Yuning,M,1989-05-17,106 New Street,63919714697
717,Kato Itsuki,M,1976-05-04,"966 3rd Section Hongxing Road, Jinjiang District",63919402613
718,Xiang Anqi,F,1978-12-22,"3-27-6 Higashitanabe, Higashisumiyoshi Ward",63919996429
719,Zhou Yunxi,M,1976-03-22,279 Wyngate Dr,63929481536
720,Jiang Yunxi,M,1979-10-11,210 Riverview Road,63919296979
721,Mori Takuya,M,1977-06-02,425 Spring Gardens,63938890556
722,Siu Wing Sze,F,1991-07-10,382 New Wakefield St,63919172755
723,Benjamin Ramirez,M,1976-10-14,463 Flatbush Ave,63972564813
724,Yip Kar Yan,F,1981-07-05,114 Lefeng 6th Rd,63972415056
725,Chu Wai Han,F,1986-03-02,"369 Jiangnan West Road, Haizhu District",63929732593
726,Lai On Na,F,1991-05-28,"421 4th Section  Renmin South Road, Jinjiang District",63929870229
727,Hirano Rin,F,1994-08-04,635 Nostrand Ave,63938626102
728,Pang Fat,M,1987-08-20,"879 Jianxiang Rd, Pudong",63919661909
729,Sit Wai Han,F,1982-12-29,"2-1-5 Tenjinnomori, Nishinari Ward",63972445942
730,Kimura Minato,M,1989-09-17,"5-19-8 Shinei 4 Jo, Kiyota Ward",63972288841
731,Kimura Hina,F,1977-07-13,"274 Xiaoping E Rd, Baiyun ",63919842018
732,Gregory Nelson,M,1989-12-18,"820 Edward Ave, Braunstone Town",63972332352
733,Danielle Murray,F,2000-04-10,342 Wooster Street,63972407189
734,Edwin Grant,M,1979-10-07,"509 W Ring Rd, Buji Town, Longgang",63919594650
735,Ng Wai Lam,F,1994-01-18,"919 Binchuan Rd, Minhang District",63938934270
736,Cheng Anqi,F,1979-12-30,"812 FuXingMenNei Street, XiCheng District",63919404924
737,Watanabe Hina,F,1977-07-23,"3-27-12 Higashitanabe, Higashisumiyoshi Ward",63938750053
738,Sasaki Aoshi,M,1981-09-28,847 Osney Mead,63972912454
739,Du Xiaoming,M,1982-01-12,952 Portland St,63938099077
740,Hao Xiuying,F,1993-07-30,"6-1-7, Miyanomori 4 Jo, Chuo Ward",63929925048
741,Sheh Ka Ling,F,1988-12-08,"1-5-9, Higashi-Shimbashi, Minato-ku",63919117637
742,Xiang Zhennan,M,1984-04-28,458 East Alley,63938722677
743,Tamura Yamato,M,1990-10-09,71 Central Avenue,63919783071
744,Miura Eita,F,1994-02-07,130 Ridgewood Road,63938267210
745,Gregory Porter,M,1998-04-21,"5-2-7 Kikusui 3 Jo, Shiroishi Ward",63929008268
746,Hsuan Wing Fat,M,1999-10-19,97 Hinckley Rd,63938971525
747,Sugiyama Akina,F,1981-09-09,534 Central Avenue,63919746878
748,Bruce Robertson,M,1991-10-12,105 State Street,63919471172
749,Fred Cruz,M,1986-11-26,903 Lower Temple Street,63919328914
750,Takeuchi Ayano,F,1988-08-14,811 Rush Street,63919206798
751,Ma Shihan,F,1992-07-15,858 Cannon Street,63938881953
752,Sarah Burns,F,1995-10-12,101 Fern Street,63938751838
753,Yang Xiaoming,M,1990-05-03,"530 Silver St, Newnham",63938774316
754,Jeff Baker,M,1986-12-12,888 Collier Road,63919045887
755,Bruce Bailey,M,1986-03-13,315 Riverview Road,63919826377
756,Cai Lu,F,1977-08-26,1-7-18 Saidaiji Akodacho,63972283757
757,Tao Yun Fat,M,1989-03-16,285 Cannon Street,63919039177
758,Qian Lu,F,1977-11-01,813 Sky Way,63972871577
759,Tracy Thompson,F,1985-01-12,767 Maddox Street,63972392541
760,Randy Spencer,M,1983-01-01,998 Earle Rd,63929821530
761,Ogawa Yota,M,2000-02-08,"596 Daxin S Rd, Daxin Shangquan, Tianhe Qu",63929507710
762,Ruby Torres,F,1998-10-21,"167 Jianxiang Rd, Pudong",63938190692
763,Imai Daichi,M,1985-07-03,314 New Street,63919867057
764,Xu Shihan,F,1981-10-08,273 Collier Road,63972771228
765,Melvin King,M,1983-09-06,"135 Tianbei 1st Rd, Luohu District",63938447774
766,Norma Boyd,F,1991-04-03,695 Narborough Rd,63919300642
767,Phyllis Barnes,F,1989-05-21,1-7-15 Saidaiji Akodacho,63929615944
768,Yamada Yota,M,1981-04-10,"920 Binchuan Rd, Minhang District",63929591352
769,Sakurai Sara,F,1979-09-05,"837 Zhongshan 5th Rd, Zimaling Shangquan",63919209948
770,Masuda Aoi,F,1986-12-22,"870 Qingshuihe 1st Rd, Luohu District",63938905577
771,Wong Ting Fung,M,1986-10-15,111 State Street,63919042865
772,Han Rui,M,1998-03-21,"3-19-2 Shimizu, Kita Ward",63938573605
773,Takagi Seiko,F,1993-02-28,820 East Cooke Road,63929054513
774,Xiang Anqi,F,1991-07-08,7 Fifth Avenue,63929490352
775,Lu Yuning,M,1984-07-08,454 Lefeng 6th Rd,63929774475
776,Taniguchi Airi,F,1993-12-03,22 Regent Street,63938331726
777,Zhang Shihan,F,1988-04-21,"219 NO.6, YuShuang Road, ChengHua Distric",63938156293
778,Au Suk Yee,F,1982-09-12,"161 Shennan E Rd, Cai Wu Wei, Luohu District",63919517669
779,Robin White,F,1990-11-14,719 Figueroa Street,63929942626
780,Kondo Ryota,M,2000-10-24,"586 Ganlan Rd, Pudong",63919078955
781,Yeow Kwok Wing,M,1998-06-11,"5-4-8 Kikusui 3 Jo, Shiroishi Ward,",63938090287
782,Cao Jialun,M,1986-06-25,"216 Jiangnan West Road, Haizhu District",63919799098
783,He Yunxi,M,1991-03-02,"36 Trafalgar Square, Charing Cross",63929793588
784,Maeda Yamato,M,1991-12-17,534 Maddox Street,63938958268
785,Lok Wai San,F,1992-12-28,"171 Aigburth Rd, Aigburth",63919430945
786,Stephanie Hughes,F,1981-06-07,505 Hanover Street,63938334923
787,Xu Jiehong,M,1997-04-14,"6-1-15, Miyanomori 4 Jo, Chuo Ward",63929462442
788,Yin Wing Suen,F,1989-02-10,"5-4-9 Kikusui 3 Jo, Shiroishi Ward,",63972670231
789,Miura Kaito,M,1994-10-14,"360 Lodge Ln, Toxteth",63938146957
790,Peggy Taylor,F,2000-05-19,456 North Michigan Ave,63972391202
791,Fukuda Kenta,M,1976-01-09,535 Dongtai 5th St,63938392142
792,Henry Edwards,M,1978-12-21,"949 Dong Zhi Men, Dongcheng District",63929439558
793,Joan Bryant,F,1984-02-17,"3-19-16 Shimizu, Kita Ward",63972724256
794,Masuda Ikki,M,1996-09-25,"876 Hongqiao Rd., Xu Hui District",63938604815
795,Joe Ramos,M,1978-03-21,958 Lark Street,63938122659
796,Amy Alvarez,F,1989-10-30,"5-4-14 Kikusui 3 Jo, Shiroishi Ward,",63972519463
797,Joyce Hawkins,F,1989-09-26,711 Huanqu South Street 2nd Alley,63919087815
798,Tao Xiuying,F,1978-08-19,697 Collier Road,63972815897
799,Ogawa Momoe,F,1987-10-16,566 Wicklow Road,63919622477
800,Kenneth Bailey,M,1999-04-27,996 Wall Street,63919010679
801,Ren Zitao,M,1987-05-19,399 Tremont Road,63972401694
802,Lau Wai Man,F,1986-05-16,917 Maddox Street,63919880574
803,Paula Morgan,F,1994-07-29,"502 39 William IV St, Charing Cross",63972446037
804,Clarence Kelly,M,1982-12-26,"14 1-1 Honjocho, Yamatokoriyama",63929426288
805,Tanaka Mio,F,1979-12-03,"451 Shennan Ave, Futian District",63929912450
806,Dawn Flores,F,1987-05-18,901 Wicklow Road,63929835178
807,Yamada Shino,F,2000-02-13,312 Columbia St,63938942503
808,Helen Myers,F,1990-10-12,"605 Shennan Ave, Futian District",63938867492
809,Fu Yuning,M,1995-09-11,456 Grape Street,63929504708
810,Lo On Na,F,1978-10-13,"603 Jianxiang Rd, Pudong",63972491929
811,Howard King,M,1995-04-10,"3-19-12 Shimizu, Kita Ward",63929079261
812,Cho Tin Wing,M,1978-04-27,"44 NO.6, YuShuang Road, ChengHua Distric",63929725560
813,Cheng Rui,M,1991-10-28,"3 Jiangnan West Road, Haizhu District",63972999141
814,Lok Tsz Hin,M,1994-01-09,702 Hinckley Rd,63972778991
815,Victor Silva,M,1977-01-15,96 Sackville St,63929890259
816,Ito Sara,F,2000-06-05,"89 Elms Rd, Botley",63929377536
817,Yu Yuning,M,1996-04-25,290 Lefeng 6th Rd,63929228931
818,Iwasaki Minato,M,1976-02-19,"No.622, Dongsan Road, Erxianqiao, Chenghua District",63929564876
819,Ng Siu Wai,F,1994-03-03,"4 Trafalgar Square, Charing Cross",63938900565
820,Long Xiuying,F,1987-03-03,"4-9-2 Kamihigashi, Hirano Ward",63929362558
821,Ishikawa Misaki,F,1998-04-16,"6 Shennan Ave, Futian District",63972635857
822,Mui Wing Sze,F,1986-09-04,557 West Houston Street,63929946913
823,Hui Hui Mei,F,1991-01-31,1-7-16 Saidaiji Akodacho,63929759233
824,Ku Ka Ling,F,1991-01-05,164 Kengmei 15th Alley,63938583245
825,Ishikawa Aoi,F,1991-06-20,"1-6-7, Marunouchi, Chiyoda-ku",63972822864
826,Zhu Xiuying,F,1979-05-20,107 1st Ave,63972006294
827,Chin Chiu Wai,M,1976-02-15,"15 3-803 Kusunokiajima, Kita Ward",63972925434
828,Carrie Boyd,F,1983-04-30,664 Tremont Road,63919638108
829,Goto Takuya,M,1997-04-12,"No. 968, Shuangqing Rd, Chenghua District",63929722376
830,Zeng Yuning,M,1994-12-28,537 Pollen Street,63919722676
831,Yang Lu,F,1982-02-08,36 East Cooke Road,63919799752
832,Li Yunxi,M,1998-06-27,"1-1-18 Deshiro, Nishinari Ward",63929710717
833,Kinoshita Mai,F,1980-08-28,"776 Elms Rd, Botley",63972962709
834,Lu Zitao,M,1995-04-19,"770 Volac Park, Grantchester Rd",63972723110
835,Chung Ka Ming,M,1982-12-23,"816 Shennan E Rd, Cai Wu Wei, Luohu District",63919758326
836,Yang Jiehong,M,1981-05-02,"986 Volac Park, Grantchester Rd",63929044330
837,Gao Zhiyuan,M,1985-02-12,3-9-14 Gakuenminami,63919071930
838,Ng Wing Fat,M,1999-10-24,962 Pedway,63938139901
839,Wu Wing Fat,M,1978-12-17,"5-2-15 Higashi Gotanda, Shinagawa-ku ",63938442826
840,Fujiwara Eita,F,1979-03-01,"5-19-16 Shinei 4 Jo, Kiyota Ward",63938566208
841,Michael Fernandez,M,1996-02-20,"2 1-1 Honjocho, Yamatokoriyama",63919992945
842,Anita Murray,F,1979-03-07,"339 West Chang'an Avenue, Xicheng District",63919810242
843,Kondo Sakura,F,1999-08-21,"18 4-20 Kawagishicho, Mizuho Ward",63919457812
844,Koon Tsz Hin,M,1996-07-19,"485 Binchuan Rd, Minhang District",63919777889
845,Fang Jialun,M,1985-06-20,966 Columbia St,63919296875
846,Wan On Na,F,1988-02-14,"38 Lodge Ln, Toxteth",63972017203
847,Wang Zitao,M,1992-12-30,717 Wall Street,63929274741
848,Kono Mai,F,2000-07-28,"2-1-19 Tenjinnomori, Nishinari Ward",63972648958
849,Jennifer Freeman,F,1981-08-27,"5 4-20 Kawagishicho, Mizuho Ward",63972753283
850,Kato Sakura,F,1983-07-02,"361 Silver St, Newnham",63972540693
851,Mui Ka Ming,M,1976-09-11,813 Wyngate Dr,63919763796
852,Jiang Anqi,F,1988-07-21,871 Alameda Street,63938365935
853,Pang Tsz Ching,F,1987-12-05,"881 Trafalgar Square, Charing Cross",63919315571
854,Vincent Murray,M,1979-03-26,"2-5-8 Chitose, Atsuta Ward",63929205786
855,Uchida Hazuki,F,1996-11-09,432 Riverview Road,63938510600
856,Tony Ruiz,M,1997-02-04,"977 028 County Rd, Yanqing District",63938537979
857,Kojima Ren,F,1991-09-05,176 Portland St,63929540665
858,Kaneko Miu,F,1986-10-14,"2-1-14 Tenjinnomori, Nishinari Ward",63972912292
859,Mo Jialun,M,1983-11-06,"2-3-4 Yoyogi, Shibuya-ku",63929835646
860,Jiang Zhennan,M,1989-01-06,"214 Abingdon Rd, Cumnor",63919714240
861,Alice Jackson,F,1995-08-29,643 Park End St,63929134698
862,Wu Lu,F,1984-09-28,753 Lefeng 6th Rd,63972024813
863,Peng Anqi,F,1995-03-20,"379 FuXingMenNei Street, XiCheng District",63929285611
864,Chang Jiehong,M,1996-09-06,1-7-14 Saidaiji Akodacho,63972343243
865,Lo Hiu Tung,F,1996-11-02,"595 Jianxiang Rd, Pudong",63972469980
866,Mo Zhiyuan,M,1984-12-11,3-9-13 Gakuenminami,63972437619
867,Arthur Harris,M,1977-05-16,319 Ridgewood Road,63929494793
868,Frances Black,F,1978-05-15,134 Columbia St,63972806929
869,Du Rui,M,1990-08-10,315 Park End St,63919860018
870,Ichikawa Yuna,F,1986-11-20,"2-1-7 Kaminopporo 1 Jo, Atsubetsu Ward",63938160909
871,Yam Hiu Tung,F,1992-08-20,"31 Yueliu Rd, Fangshan District",63929294222
872,Siu Hui Mei,F,1989-02-09,"13-3-1 Toyohira 3 Jo, Toyohira Ward",63938187363
873,Tang Yunxi,M,1979-11-17,"3-27-19 Higashitanabe, Higashisumiyoshi Ward",63972879851
874,Kondo Kenta,M,1992-08-18,"1-1-7 Deshiro, Nishinari Ward",63938740960
875,Kondo Aoshi,M,1979-10-01,221 North Michigan Ave,63929945094
876,Che Wai Man,F,2000-09-28,"1-1-7 Deshiro, Nishinari Ward",63919198522
877,Aoki Sakura,F,1984-04-28,"2-5-10 Chitose, Atsuta Ward",63938045824
878,Song Xiaoming,M,1983-07-09,423 Huanqu South Street 2nd Alley,63929891734
879,Ikeda Mai,F,1996-01-05,"5-19-10 Shinei 4 Jo, Kiyota Ward",63929262341
880,Tang Lik Sun,M,1991-05-22,"892 3rd Section Hongxing Road, Jinjiang District",63919755366
881,Zhou Lu,F,1987-01-06,342 Lefeng 6th Rd,63929403396
882,Lui Hui Mei,F,1997-08-29,"427 Jiangnan West Road, Haizhu District",63938724609
883,Lui Wing Fat,M,1995-11-16,907 Kengmei 15th Alley,63938065730
884,Lam Ling Ling,F,1987-09-11,"600 W Ring Rd, Buji Town, Longgang",63972044822
885,Zhu Zitao,M,1988-12-05,"316 Ganlan Rd, Pudong",63929056611
886,Nomura Mio,F,1999-04-09,"806 Jianxiang Rd, Pudong",63929694476
887,Lu Zhiyuan,M,1986-05-26,"457 NO.6, YuShuang Road, ChengHua Distric",63938480874
888,Ng Sze Kwan,F,1991-05-21,"13-3-18 Toyohira 3 Jo, Toyohira Ward",63972815196
889,Susan Dixon,F,1995-01-18,"76 49/50 Strand, Charing Cross",63929549286
890,Ann Howard,F,1991-11-29,616 Pedway,63919715108
891,Xue Zitao,M,1992-11-18,961 Broadway,63938943985
892,Dennis Snyder,M,1981-10-28,"2-3-20 Yoyogi, Shibuya-ku",63929200982
893,Nakamura Sakura,F,1986-11-04,348 West Market Street,63919845656
894,Goto Hikari,F,1982-10-29,"5-19-7 Shinei 4 Jo, Kiyota Ward",63972769594
895,Qiu Yuning,M,1996-09-20,30 Cannon Street,63929142189
896,Yuan Xiuying,F,1984-12-09,"326 Dong Zhi Men, Dongcheng District",63929256707
897,Lok On Na,F,1993-08-28,"766 49/50 Strand, Charing Cross",63972052220
898,Kimura Yuto,M,1981-10-10,497 Lower Temple Street,63938668785
899,Che Yu Ling,F,1981-07-14,316 Fern Street,63929371183
900,David Alvarez,M,1976-05-02,"16 1-1 Honjocho, Yamatokoriyama",63929533747
901,Man Chung Yin,M,1986-04-01,"5-2-7 Higashi Gotanda, Shinagawa-ku ",63938723580
902,Mike Fox,M,1982-10-16,141 Collier Road,63938542062
903,Valerie Wood,F,1977-07-02,"992 4th Section  Renmin South Road, Jinjiang District",63929926272
904,Juanita Stevens,F,1984-08-11,"636 FuXingMenNei Street, XiCheng District",63972294017
905,Kaneko Mio,F,1995-03-26,"7 Tangyuan Street 5th Alley, Airport Road, Baiyun",63929930499
906,Deng Yunxi,M,1986-05-07,164 Cannon Street,63972206042
907,Shibata Yuna,F,1994-08-22,699 Hanover Street,63972150072
908,Ishikawa Ryota,M,1989-09-09,943 West Market Street,63938061197
909,Yao Zitao,M,1984-07-14,587 S Broadway,63929140199
910,Saito Sakura,F,1992-03-17,913 East Cooke Road,63929594904
911,Leroy Perry,M,1976-04-24,989 Wyngate Dr,63919397985
912,Rose Hall,F,1999-10-07,281 S Broadway,63938313034
913,Chiang Kwok Ming,M,1993-11-01,"893 Tianbei 1st Rd, Luohu District",63929694873
914,Hou Shihan,F,1999-08-07,1-7-13 Saidaiji Akodacho,63938653639
915,Ku Wing Kuen,M,1989-10-03,"2-5-11 Chitose, Atsuta Ward",63972129375
916,Imai Yota,M,1993-07-24,748 Ridgewood Road,63919813631
917,Ellen Baker,F,1996-11-18,"4-9-12 Kamihigashi, Hirano Ward",63919125925
918,Alexander Payne,M,1997-01-07,819 Bergen St,63919529398
919,Sharon Burns,F,1992-01-19,"No. 579, Shuangqing Rd, Chenghua District",63972533210
920,Wang Jialun,M,1978-06-24,890 Diplomacy Drive,63972226161
921,Yeow Tak Wah,M,1989-12-16,959 Pollen Street,63929587585
922,Tao Lu,F,1982-04-01,"489 3rd Section Hongxing Road, Jinjiang District",63938379900
923,Kojima Ryota,M,1997-05-11,370 Stephenson Street,63972612754
924,Arai Ikki,M,1998-11-10,806 Dongtai 5th St,63938925066
925,Ueno Takuya,M,2000-11-25,"442 Jingtian East 1st St, Futian District",63972053500
926,Ma Siu Wai,F,1991-02-22,"114 Elms Rd, Botley",63929954592
927,Nomura Aoshi,M,1991-03-19,"No.275, Dongsan Road, Erxianqiao, Chenghua District",63919714378
928,Victoria Hill,F,1977-03-29,334 Columbia St,63929539784
929,Danielle Nichols,F,1987-02-19,"695 Silver St, Newnham",63938264864
930,Endo Mitsuki,F,1999-12-06,648 Little Clarendon St,63938739401
931,Fujii Mitsuki,F,1998-01-26,"965 Silver St, Newnham",63938804195
932,Ruth Perez,F,1997-05-23,809 Shanhu Rd,63972779387
933,Betty Bell,F,1990-10-28,"417 East Wangfujing Street, Dongcheng District ",63938007838
934,Heather Chen,F,1980-04-25,894 Wooster Street,63919336407
935,Zhu Xiaoming,M,1980-11-28,"806 Tangyuan Street 5th Alley, Airport Road, Baiyun",63972268466
936,Kim Rivera,F,1990-02-24,56 Park End St,63929904790
937,Arthur Ford,M,1998-02-12,"113 Silver St, Newnham",63919837614
938,Jacqueline Ramirez,F,1988-04-08,"1-7-10 Omido, Higashiosaka",63929676087
939,Ng Ka Keung,M,1994-08-27,"13-3-7 Toyohira 3 Jo, Toyohira Ward",63919023020
940,Sato Aoi,F,1978-07-09,"519 West Chang'an Avenue, Xicheng District",63972669170
941,Kwong Hok Yau,M,1983-05-03,987 S Broadway,63938311832
942,Fukuda Rena,F,1987-09-20,481 Lark Street,63929883259
943,Yang Xiaoming,M,2000-06-11,"477 Xue Yuan Yi Xiang, Longgang",63929687353
944,Dai Yunxi,M,1991-07-26,"628 3rd Section Hongxing Road, Jinjiang District",63919872753
945,Antonio Gonzalez,M,1994-06-14,"13-3-7 Toyohira 3 Jo, Toyohira Ward",63972133136
946,Hashimoto Rena,F,1991-02-24,"4 3-803 Kusunokiajima, Kita Ward",63938130502
947,Yoshida Riku,M,1998-10-08,648 Mosley St,63938415033
948,Hsuan Hok Yau,M,1989-02-18,"261 Aigburth Rd, Aigburth",63919084927
949,Iwasaki Seiko,F,1987-01-29,"226 East Wangfujing Street, Dongcheng District ",63919612425
950,Ruby Castro,F,1999-10-02,969 Sackville St,63929193858
951,Jiang Ziyi,M,1976-11-16,"340 Tianbei 1st Rd, Luohu District",63919589177
952,Yuen Tin Lok,M,1987-01-08,890 1st Ave,63938573635
953,Masuda Mio,F,1988-03-28,15 Little Clarendon St,63929743369
954,Marie Jimenez,F,1996-09-04,154 North Michigan Ave,63929913319
955,Betty Simmons,F,1993-05-04,"13-3-16 Toyohira 3 Jo, Toyohira Ward",63938626904
956,Zou Zitao,M,1976-03-11,"408 West Chang'an Avenue, Xicheng District",63919202848
957,Han Tsz Hin,M,1978-10-17,"864 Volac Park, Grantchester Rd",63919199058
958,Yamada Miu,F,1981-03-08,173 Kengmei 15th Alley,63929833231
959,Lui Tsz Hin,M,1986-12-17,436 Regent Street,63938737160
960,Pak Wai Yee,F,1976-07-11,"844 Jiangnan West Road, Haizhu District",63972543288
961,Fang Jialun,M,1985-01-05,"549 Tianhe Road, Tianhe District",63972450164
962,Jia Zhiyuan,M,1999-01-27,776 Pollen Street,63919685629
963,Koon Chieh Lun,M,1992-12-20,436 Sackville St,63938438150
964,Tao Jiehong,M,1992-09-17,767 Hanover St,63972672012
965,Theresa Gordon,F,1995-02-07,439 Figueroa Street,63972000431
966,Harada Ikki,M,1992-06-17,"3-15-14 Ginza, Chuo-ku",63929068404
967,Ono Yota,M,1999-09-01,"5-19-8 Shinei 4 Jo, Kiyota Ward",63929437674
968,Dong Yunxi,M,1982-03-04,"366 Yueliu Rd, Fangshan District",63938721758
969,Chan Ka Man,M,1998-06-26,"5 68 Qinghe Middle St, Haidian District",63938458446
970,Miu Suk Yee,F,1987-11-13,858 Columbia St,63929351873
971,Shi Yunxi,M,1991-09-14,"2-1-15 Tenjinnomori, Nishinari Ward",63972433919
972,John Holmes,M,1986-12-11,"5-2-9 Higashi Gotanda, Shinagawa-ku ",63972241559
973,Yu Zitao,M,2000-05-26,"87 Hongqiao Rd., Xu Hui District",63929828061
974,John Gibson,M,1998-06-28,"997 Yueliu Rd, Fangshan District",63919646129
975,Kathy Adams,F,1987-04-15,"438 Cyril St, Braunstone Town",63972627257
976,Matsumoto Sara,F,1982-08-23,281 Park End St,63919574265
977,Kwok Kwok Wing,M,1998-01-22,387 Maddox Street,63929051043
978,Okamoto Kasumi,M,1984-05-07,"253 Trafalgar Square, Charing Cross",63938626559
979,Saito Yamato,M,1995-12-04,254 Hinckley Rd,63919096641
980,Maruyama Yuto,M,1983-09-30,"18 4-20 Kawagishicho, Mizuho Ward",63929491128
981,Juanita West,F,1983-12-23,435 Wooster Street,63919419075
982,Gloria Hughes,F,1978-09-23,"284 Volac Park, Grantchester Rd",63929560533
983,Yip Wai Han,F,1977-07-01,"660 Xue Yuan Yi Xiang, Longgang",63929790769
984,Fu Hui Mei,F,1983-03-10,"2-5-19 Chitose, Atsuta Ward",63938055923
985,Takeda Momoe,F,1996-08-18,"3-15-8 Ginza, Chuo-ku",63919260174
986,Song Ziyi,M,1999-07-21,"568 Qingshuihe 1st Rd, Luohu District",63929905703
987,Laura Lewis,F,1982-08-08,"122 Lodge Ln, Toxteth",63929639887
988,Yeung Wing Sze,F,1977-12-24,"13-3-18 Toyohira 3 Jo, Toyohira Ward",63938733263
989,Alice Cruz,F,1984-12-13,"3-27-15 Higashitanabe, Higashisumiyoshi Ward",63929528630
990,Yung Lai Yan,F,1976-10-27,"17 4-20 Kawagishicho, Mizuho Ward",63929621558
991,Mao Anqi,F,1998-06-29,"405 Cyril St, Braunstone Town",63919091812
992,Joseph Burns,M,1992-01-04,874 State Street,63919125651
993,Feng Anqi,F,1999-12-08,826 Mosley St,63972562026
994,Florence Russell,F,1982-12-17,968 Fifth Avenue,63929479890
995,Miyazaki Yuto,M,1977-05-02,653 Rush Street,63938983017
996,Li Xiuying,F,1990-07-31,"856 Aigburth Rd, Aigburth",63972812975
997,Troy Fisher,M,2000-05-22,"174 Tianhe Road, Tianhe District",63972292926
998,Tam Kar Yan,F,1989-07-25,158 S Broadway,63972467345
999,Takagi Mio,F,1981-08-18,"5-4-20 Kikusui 3 Jo, Shiroishi Ward,",63929691951
1001,Lance Mendoza,M,1980-02-10,"Lot 17 Blk 14 Nothing Street, Golden City",6.39846E+11
1002,Robinx Mendoza,M,2020-09-01,asdasdas sadasd sadasdasd,6.39295E+11
1006,Juan Dela Cruz,M,2025-03-06,dasdasd asdasdasd,6.39587E+11
1007,Robina Rhamz Aquino,F,2000-12-29,sadasd sadasd sadasd,6.39215E+11
1009,Jannsen Bayog,M,1990-11-14,"#541 Matain Subic, Zambales",6.35412E+11
1011,John Doe,M,1990-01-01,123 Main St,1234567890
1012,Jane Smith,F,1995-05-15,456 Oak Ave,9876543210
1013,Jasdad Dasad III,M,1980-05-27,15-B Sdadad Alklkk St. Hasdasd City,6.39875E+11
1014,Lance Merlin,M,2025-03-27,23 Wood Forest Arthur City,6.39242E+11
1015,Lance Mendoza,M,1976-08-15,Lot 12 34 Adasdfas St Ffghdf Ave. Dertert City,9.39548E+11
1016,Sidmar asdfasdasd Lee,M,2000-07-10,Stsadas SaDADF cITY,069874521